name,street,city,state,zip,price,link,rdi,CMRA
Temecula - Rancho California Rd,30650 Rancho California Rd Suite D406 #MAILBOX,Temecula,CA,92591,US$9.99/month,https://www.anytimemailbox.com/s/temecula-30650-rancho-california-road,Residential,N
Irvine - Harvard Ave,17595 Harvard Ave Ste C-MAILBOX,Irvine,CA,92614,US$8.99/month,https://www.anytimemailbox.com/s/irvine-17595-harvard-avenue,Residential,N
Anaheim - Center St,201 E Center St Ste 112-MAILBOX,Anaheim,CA,92805,US$7.99/month,https://www.anytimemailbox.com/s/anaheim-201-e-center-street,Residential,N
Malibu,30745 Pacific Coast Hwy Ste 21 #MAILBOX,Malibu,CA,90265,US$24.99/month,https://www.anytimemailbox.com/s/malibu-30745-pacific-coast-hwy,Commercial,N
Temecula - Temecula Pkwy (31165),31165 Temecula Pkwy Suite G3 Unit #MAILBOX,Temecula,CA,92592,US$9.99/month,https://www.anytimemailbox.com/s/temecula-31165-temecula-parkway,Commercial,N
Beverly Hills - Wilshire Blvd (9100),9100 Wilshire Blvd Ste 333 #MAILBOX,Beverly Hills,CA,90212,US$9.49/month,https://www.anytimemailbox.com/s/beverly-hills-9100-wilshire-blvd,Commercial,N
Thousand Oaks - Avenida De Los Arboles,365 E Avenida De Los Arboles #MAILBOX,Thousand Oaks,CA,91360,US$11.99/month,https://www.anytimemailbox.com/s/thousand-oaks-365-e-avenida-de-los-arboles,Commercial,N
Clovis - Shaw Ave,2167 Shaw Ave Ste 115 #MAILBOX,Clovis,CA,93611,US$9.99/month,https://www.anytimemailbox.com/s/clovis-2167-shaw-avenue,Commercial,N
San Rafael - Redwood Hwy,4460 Redwood Hwy Suite 16-MAILBOX,San Rafael,CA,94903,US$9.99/month,https://www.anytimemailbox.com/s/san-rafael-4460-redwood-hwy,Commercial,N
Inglewood - Centinela Ave,1601 Centinela Ave Ste 5-MAILBOX,Inglewood,CA,90302,US$12.99/month,https://www.anytimemailbox.com/s/inglewood-1601-centinela-avenue,Commercial,N
Riverside - Valley Springs Pkwy,6211 Valley Springs Pkwy Ste B #MAILBOX,Riverside,CA,92507,US$9.99/month,https://www.anytimemailbox.com/s/riverside-6211-valley-springs-pkwy,Commercial,N
Bakersfield - 20th St,1515 20th St Unit #MAILBOX,Bakersfield,CA,93301,US$14.99/month,https://www.anytimemailbox.com/s/bakersfield-1515-20th-st,Commercial,N
Santa Maria,2023 S Broadway Ste B #MAILBOX,Santa Maria,CA,93454,US$12.99/month,https://www.anytimemailbox.com/s/santa-maria-2023-s-broadway,Commercial,N
San Diego - Laurel St,415 Laurel St Unit  #MAILBOX,San Diego,CA,92101,US$15.99/month,https://www.anytimemailbox.com/s/san-diego-415-laurel-street,Commercial,N
Newport Beach - Bayview Cir,301 Bayview Cir Ste 104-MAILBOX,Newport Beach,CA,92660,US$9.99/month,https://www.anytimemailbox.com/s/newport-beach-301-bayview-circle,Commercial,N
Los Angeles - Hollywood Blvd,7095 Hollywood Blvd #MAILBOX,Hollywood,CA,90028,US$19.99/month,https://www.anytimemailbox.com/s/hollywood-7095-hollywood-blvd,Commercial,N
Los Angeles - Olympic Blvd (11150),11150 W Olympic Blvd Suite 1050 #MAILBOX,Los Angeles,CA,90064,US$9.49/month,https://www.anytimemailbox.com/s/los-angeles-11150-w-olympic-blvd,Commercial,N
Fresno - Shaw Ave,3025 W Shaw Ave Ste 108-MAILBOX,Fresno,CA,93711,US$24.99/month,https://www.anytimemailbox.com/s/fresno-3025-w-shaw-avenue,Commercial,N
Lake Elsinore,32295 Mission Trail Unit #MAILBOX,Lake Elsinore,CA,92530,US$11.99/month,https://www.anytimemailbox.com/s/lake-elsinore-32295-mission-trail,Commercial,N
Woodland Hills - Ventura Blvd (20855),20855 Ventura Blvd Ste 10-A #MAILBOX,Woodland Hills,CA,91364,US$9.99/month,https://www.anytimemailbox.com/s/woodland-hills-20855-ventura-blvd,Commercial,N
Ukiah,1107 S State St Unit #MAILBOX,Ukiah,CA,95482,US$10.99/month,https://www.anytimemailbox.com/s/ukiah-1107-s-state-st,Commercial,N
Citrus Heights,7451 Auburn Blvd Ste C #MAILBOX,Citrus Heights,CA,95610,US$8.99/month,https://www.anytimemailbox.com/s/citrus-heights-7451-auburn-blvd,Commercial,N
Los Angeles - Olympic Blvd (3003-205),3003 W Olympic Blvd Ste 205 Unit #MAILBOX,Los Angeles,CA,90006,US$14.99/month,https://www.anytimemailbox.com/s/los-angeles-3003-205-w-olympic-blvd,Commercial,N
San Diego - Roll Dr,2498 Roll Dr Unit #MAILBOX,San Diego,CA,92154,US$9.99/month,https://www.anytimemailbox.com/s/san-diego-2498-roll-drive,Commercial,N
Los Angeles - Olympic Blvd (3003-106),3003 W Olympic Blvd Ste 106-MAILBOX,Los Angeles,CA,90006,US$14.99/month,https://www.anytimemailbox.com/s/los-angeles-3003-106-w-olympic-blvd,Commercial,N
Huntington Beach - Warner Ave,5904 Warner Ave Unit #MAILBOX,Huntington Beach,CA,92649,US$9.99/month,https://www.anytimemailbox.com/s/huntington-beach-5904-warner-avenue,Commercial,N
Simi Valley,1464 Madera Rd Ste N #MAILBOX,Simi Valley,CA,93065,US$9.99/month,https://www.anytimemailbox.com/s/simi-valley-1464-madera-road,Commercial,N
Northridge - Reseda Blvd (9250),9250 Reseda Blvd Unit MAILBOX,Northridge,CA,91324,US$9.99/month,https://www.anytimemailbox.com/s/northridge-9250-reseda-blvd,Commercial,N
San Jose - Capitol Ave,2066 N Capitol Ave Unit #MAILBOX,San Jose,CA,95132,US$9.99/month,https://www.anytimemailbox.com/s/san-jose-2066-n-capitol-avenue,Commercial,N
Castaic,31583 Castaic Rd Ste C #MAILBOX,Castaic,CA,91384,US$9.99/month,https://www.anytimemailbox.com/s/castaic-31583-castaic-road,Commercial,N
Fountain Valley - Warner Ave,11037 Warner Ave Unit #VMAILBOX,Fountain Valley,CA,92708,US$19.99/month,https://www.anytimemailbox.com/s/fountain-valley-11037-warner-ave,Commercial,N
Palm Desert - Country Club Dr,74924 Country Club Drive Ste 150 #MAILBOX,Palm Desert,CA,92260,US$12.99/month,https://www.anytimemailbox.com/s/palm-desert-74924-country-club-drive,Commercial,N
Garden Grove,12534 Valley View St Unit #MAILBOX,Garden Grove,CA,92845,US$9.99/month,https://www.anytimemailbox.com/s/garden-grove-12534-valley-view-street,Commercial,N
Pleasanton - Sunol Blvd,5424 Sunol Blvd Ste 10-MAILBOX,Pleasanton,CA,94566,US$9.99/month,https://www.anytimemailbox.com/s/pleasanton-5424-sunol-blvd,Commercial,N
San Jose - San Carlos St (123),123 E San Carlos St Unit #MAILBOX,San Jose,CA,95112,US$14.99/month,https://www.anytimemailbox.com/s/san-jose-123-e-san-carlos-street,Commercial,N
Lodi - Kettleman Ln,1040 W Kettleman Lane Ste B #MAILBOX,Lodi,CA,95240,US$9.99/month,https://www.anytimemailbox.com/s/lodi-1040-west-kettleman-lane,Commercial,N
Santa Ana - Santa Ana  Blvd,600 W Santa Ana Blvd Ste 114-AMAILBOX,Santa Ana,CA,92701,US$7.99/month,https://www.anytimemailbox.com/s/santa-ana-600-w-santa-ana-blvd,Commercial,N
Madera - Howard Road,1930 Howard Rd Ste B #MAILBOX,Madera,CA,93637,US$14.99/month,https://www.anytimemailbox.com/s/madera-1930-howard-road,Commercial,N
Novato,926 Diablo Ave Ste A #MAILBOX,Novato,CA,94947,US$9.99/month,https://www.anytimemailbox.com/s/novato-926-diablo-avenue,Commercial,N
Rocklin - Sunset Blvd,3101 Sunset Blvd Ste 2C Unit #MAILBOX,Rocklin,CA,95677,US$12.99/month,https://www.anytimemailbox.com/s/rocklin-3101-sunset-blvd,Commercial,N
La Quinta,50991 Washington St Ste 4A #MAILBOX,La Quinta,CA,92253,US$22.00/month,https://www.anytimemailbox.com/s/la-quinta-50991-washington-street,Commercial,N
Menifee - Antelope Rd,30141 Antelope Road Unit #D-MAILBOX,Menifee,CA,92584,US$25.99/month,https://www.anytimemailbox.com/s/menifee-30141-antelope-road,Commercial,N
Thousand Oaks - Moorpark Rd,275 E. Hillcrest Drive Suite 160-MAILBOX,Thousand Oaks,CA,91360,US$24.99/month,https://www.anytimemailbox.com/s/thousand-oaks-1710-n-moorpark-road,Commercial,N
Bel Air - Sepulveda Blvd,651 N Sepulveda Blvd Unit #MAILBOX,Bel Air,CA,90049,US$19.99/month,https://www.anytimemailbox.com/s/bel-air-651-n-sepulveda-blvd,Commercial,N
San Dimas - East Arrow Hwy,301 E Arrow Hwy Ste 101 - #MAILBOX,San Dimas,CA,91773,US$9.99/month,https://www.anytimemailbox.com/s/san-dimas-301-east-arrow-highway,Commercial,N
San Diego - Kettner Blvd,1050 Kettner Blvd Suite D #MAILBOX,San Diego,CA,92101,US$9.99/month,https://www.anytimemailbox.com/s/san-diego-1050-kettner-blvd,Commercial,N
Bakersfield - Stine Rd,3424 Stine Rd Unit #MAILBOX,Bakersfield,CA,93309,US$9.99/month,https://www.anytimemailbox.com/s/bakersfield-3424-stine-road,Commercial,N
Sacramento - Rockingham Dr,10265 Rockingham Dr Suite #100-MAILBOX,Sacramento,CA,95827,US$9.99/month,https://www.anytimemailbox.com/s/sacramento-10265-rockingham-drive,Commercial,N
San Francisco - Sutter St,447 Sutter St Ste 506 - MAILBOX,San Francisco,CA,94108,US$9.99/month,https://www.anytimemailbox.com/s/san-francisco-447-sutter-street,Commercial,N
Long Beach - Long Beach Blvd (3711),3711 Long Beach Blvd Unit #MAILBOX,Long Beach,CA,90807,US$14.99/month,https://www.anytimemailbox.com/s/long-beach-3711-long-beach-blvd,Commercial,N
Rosemead - Garvey Ave,8919 Garvey Ave Ste C2 #MAILBOX,Rosemead,CA,91770,US$9.99/month,https://www.anytimemailbox.com/s/rosemead-8919-garvey-avenue,Commercial,N
